index,Unnamed: 0,Bug_report,appTitle,bug_report,comment,date,id,original_text,score,text,userName,Unnamed: 12,Unnamed: 13
17655,63,1,Amazon,,"['love', 'application', 'not', 'much', 'anymore', 'motorola', 'grin', 'always', 'report', 'amin', 'middle', 'search']",2019-03-04,518412,love this app but not so much anymore on my Motorola g6 always rebooting when im in the middle of a search..,2,love this application but not so much anymore on my motorola grin always reporting when i amin the middle of a search,Nicky A,,
17658,66,1,Amazon,,"['ap', 'be', 'make', 'mad', 'always', 'freezing']",2019-03-07,518415,this ap is makes me so mad always freezing,1,this ap is make me so mad always freezing,Yolanda Scotty,,
17661,69,1,Amazon,,"['review', 'go', 'horrible', 'application', 'shopping', 'experience']",2019-03-01,518422,My review just gone. Horrible app and shopping expierience.,1,my review just gone horrible application and shopping experience,Wojciech Bubolka,,
17662,70,1,Amazon,,"['application', 'be', 'way', 'big', 'drain_battery', 'freeze', 'loading']",2019-03-05,518423,"app is way too big, drains my battery, and freezes when loading",2,application is way too big drain my battery and freeze when loading,Margaret E,,
17664,72,1,Amazon,,"['disappoint', 'company', 'doe', 'not', 'value', 'free_speech', 'terribly', 'disappoint', 'not', 'sell', 'book', 'tomy', 'robinson', 'continue', 'sell', 'book', 'hitler']",2019-03-06,518425,I am very disappointed that this company doesn't value free speech. I was terribly disappointed that you won't sell a book by Tommy Robinson but you continue to sell a book by Hitler.,1,i am very disappointed that this company doe not value free speech i was terribly disappointed that you will not sell a book by tomy robinson but you continue to sell a book by hitler,Jolynn Yankoskie,,
17665,73,1,Amazon,,"['stop', 'tell', 'have', 'update', 'application', 'already', 'have']",2019-03-02,518426,stop telling me I have to update the app. I already have.,2,stop telling me i have to update the application i already have,Ben Searle,,
17666,74,1,Amazon,,"['doe', 'not', 'install', 'error', 'get', 'throw', 'installation']",2019-03-05,518427,Doesn't install in my one plus 6t. Some error gets thrown during installation.,2,doe not install in my one plus t some error get thrown during installation,Ramakrishna Upadhyaya,,
17675,83,1,Amazon,,"['start', 'crash', 'browse', 'point', 'unusable']",2019-03-04,518474,Started crashing while browsing to the point of being unusable.,1,started crashing while browsing to the point of being unusable,Avila Cranfill,,
17677,85,1,Amazon,,"['have', 'major', 'bug', 'application', 'work', 'last', 'night', 'not', 'even', 'open', 'note']",2019-03-05,518476,"You have a major bug. App was working last night, now this am won't even open. :( Note 8.",1,you have a major bug application was working last night now this am will not even open note,Amanda Kaye,,
17679,87,1,Amazon,,"['constantly', 'crash', 'give', 'sad', 'dog', 'error', 'lgv']",2019-03-06,518478,Constantly crashing and giving the sad dog error on my LGV20,1,constantly crashing and giving the sad dog error on my lgv,A Google User,,
17683,91,1,Amazon,,"['last', 'update', 'leaf', 'not', 'eve', 'open', 'not', 'track', 'package', 'do', 'anything', 'may', 'have', 'find', 'service']",2019-03-02,518483,"last update leaves it so it wont eve open. cant track my packages, or do anything. may have to find another service...",1,last update leaf it so it will not eve open can not track my package or do anything may have to find another service,Destiney Shouse,,
17686,94,1,Amazon,,"['uh_oh', 'something', 'end', 'go', 'wrong']",2019-03-03,518486,Uh-oh something on your end has gone wrong.,1,uh-oh something on your end has gone wrong,A Google User,,
17687,95,1,Amazon,,"['disappointed', 'amazon', 'censoring', 'film']",2019-03-01,518488,I'm so disappointed with Amazon censoring films.,1,i am so disappointed with amazon censoring film,A Google User,,
17689,97,1,Amazon,,"['heat', 'mobile', 'lot', 'constantly', 'restart']",2019-03-07,518490,Heats up my mobile a lot Constantly restarts,4,heat up my mobile a lot constantly restarts,vikas mehta,,
17690,98,1,Amazon,,"['go', 'select', 'size', 'be', 'doe', 'not', 'show', 'anything', 'keep', 'spin', 'make', 'dizzy', 'laugh', 'loud', 'application', 'loading', 'issue', 'fix']",2019-03-08,518491,When i go to select size is doesn't show anything just keeps spinning around making me dizzy lol ðŸ˜‚ this app has loading issues pls fix,3,when i go to select size is doe not show anything just keep spinning around making me dizzy laugh out loud this application has loading issue please fix,michelle hines,,
17779,187,1,Amazon,,"['constantly', 'flash', 'picture', 'dog', 'say', 'uh_oh', 'something_went', 'wrong', 'end']",2019-03-08,518644,constantly flashes a picture of a dog and says uh oh something went wrong on our end. ..!!,1,constantly flash a picture of a dog and say uh oh something went wrong on our end,rodney cornish,,
17802,210,1,Amazon,,"['lie', 'buggy', 'search', 'item', 'have', 'close', 'application', 'completely', 'reload', 'application', 'every_single', 'time']",2019-03-05,518674,Very laggy and buggy. To search more than 1 item I have to close out of the app completely and reload it every single time.,2,very lay and buggy to search more than item i have to close out of the application completely and reload the application every single time,Mikki Evans,,
17804,212,1,Amazon,,"['use', 'application', 'week', 'application', 'be', 'awful', 'find', 'have', 'flip', 'browser', 'version', 'half', 'time', 'get', 'browser', 'version', 'horrible', 'ability', 'search', 'browser', 'version', 'search', 'be', 'weight', 'verge', 'outright', 'lie', 'not', 'find', 'product', 'hiding', 'product', 'deep', 'list', 'criterion', 'webster', 'give', 'different', 'picture', 'still', 'use', 'application', 'convenient', 'thing', 'never', 'research']",2019-03-06,518676,"I use this app once a week and it's awful. I find I have to flip to the browser version half the time just to get around its horrible ability to search. Its search is so weighted and verging to outright lying to you. from not finding products, to hiding them deep in a list. the same criteria on the website will give you a very diffrent picture. I still use this app for a few convenient things, but never for research.",2,i use this application once a week and this application is awful i find i have to flip to the browser version half the time just to get around the browser version horrible ability to search the browser version search is so weighted and verging to outright lying to you from not finding product to hiding product deep in a list the same criterion on the webster will give you a very different picture i still use this application for a few convenient thing but never for research,A Google User,,
17806,214,1,Amazon,,"['problem', 'application', 'however', 'start', 'get', 'issue', 'whenever', 'open', 'application', 'application', 'show', 'dog', 'say', 'uh_oh', 'something_went', 'wrong', 'end', 'think', 'wait', 'application', 'probably', 'update', 'application', 'fix', 'fast', 'forward', 'today', 'contact', 'amazon', 'time', 'forward', 'people', 'total', 'tell', 'little', 'people', 'total', 'could', 'do', 'people', 'total', 'put', 'hold', 'hang', 'phone', 'time', 'cancel', 'prime']",2019-03-06,518678,"Before now I had no problems with the app. However, up until a few weeks ago I started getting an issue where whenever I open the app it showed a dog and said ""Uh oh, something went wrong on our end."" I thought, okay I'll wait. The app will probably update and it will be fixed. Fast forward to today, I contacted Amazon for the 2nd time. I was forwarded to around 7 people in total to only tell me there was little they could do. They then put me on hold and hung up the phone. Time to cancel prime.",1,before now i had no problem with the application however up until a few week ago i started getting an issue where whenever i open the application the application showed a dog and said uh oh something went wrong on our end i thought okay i will wait the application will probably update and the application will be fixed fast forward to today i contacted amazon for the nd time i was forwarded to around people in total to only tell me there was little people in total could do people in total then put me on hold and hung up the phone time to cancel prime,Toby Crowther,,
17813,221,1,Amazon,,"['application', 'keep', 'crash', 'try', 'open', 'aps', 'subscription']",2019-03-02,518686,This app keeps crashing when I try to open apps and subscriptions.,3,this application keep crashing when i try to open aps and subscription,Denise,,
17814,222,1,Amazon,,"['be', 'constantly', 'freeze', 'always', 'put', 'fix', 'request', 'obviously', 'fix', 'request', 'be', 'get', 'ignore', 'go', 'month', 'doe', 'not', 'matter', 'be', 'shop', 'application', 'prime', 'video', 'none', 'ap', 'have', 'give', 'problem', 'easy', 'delete', 'none', 'aps', 'hassle', 'be', 'be', 'give', 'include', 'horrible', 'delivery', 'service', 'lately']",2019-03-06,518687,"It's constantly freezing. I'm always putting in a ""fix"" request but obviously it's getting ignored because this has gone on now for months. It doesn't matter if it's the shopping app or Prime video. None of my other apps have given me any problems . Easier just to delete them anyway than the hassle it's been giving me, including the horrible delivery service lately.",1,it is constantly freezing i am always putting in a fix request but obviously a fix request is getting ignored because this has gone on now for month it doe not matter if it is the shopping application or prime video none of my other aps have given me any problem easier just to delete none of my other aps anyway than the hassle it is been giving me including the horrible delivery service lately,LYNN KUEHN,,
17818,226,1,Amazon,,"['reason', 'application', 'not', 'open', 'go', 'click', 'application', 'application', 'pop', 'real', 'quick', 'doe', 'actually', 'open', 'application', 'glitch', 'basically']",2019-03-06,518694,For some reason my app wont open up. I go to click on it and it just pops up real quick but doesnt actually open so its like a glitch basically.,1,for some reason my application will not open up i go to click on my application and my application just pop up real quick but doe actually open so my application like a glitch basically,Chyanne Meyer,,
17819,227,1,Amazon,,"['not', 'able', 'use', 'amazon', 'pay', 'upi', 'facilityeven', 'update', 'application', 'application', 'show', 'version', 'be', 'not', 'date']",2019-03-02,518695,i am not able to use Amazon pay upi facility.Even after updating the app it shows that this version is not up to date.,1,i am not able to use amazon pay upi facilityeven after updating the application the application show that this version is not up to date,A Google User,,
17820,228,1,Amazon,,"['lot', 'spam', 'notification', 'notification', 'channel', 'not', 'turn', 'lot', 'spam', 'notification', 'still', 'get', 'notification']",2019-03-07,518696,lots of spammy notifications. no notification channels so you can't turn them off and still get notifications about purchases/shipments,3,lot of spam notification no notification channel so you can not turn lot of spam notification off and still get notification about purchaseshipments,Vineet Kumar,,
17855,263,1,Amazon,,"['do', 'not', 'really', 'application']",2019-03-01,518738,i dont really like this app,2,i do not really like this application,Diana Diller,,
17860,268,1,Amazon,,"['freeze', 'samsung', 'phone']",2019-03-04,518745,freezes on Samsung j3 phone a&t,1,freeze on samsung j phone and,Sherry Evans,,
17889,297,1,Amazon,,"['order', 'have', 'place', 'try', 'place', 'nov', 'problem', 'amazon', 'problem', 'not', 'issue', 'never', 'have', 'be', 'frustrate', 'angry', 'company', 'make', 'purchase', 'use', 'consider', 'amazon', 'good', 'reliable', 'helpful', 'source', 'do', 'not', 'anymore']",2019-03-03,518779,"Every order I have placed or tried to place since Nov 2018 has had a problem. Amazon problems, not 3rd party issues. Never have I been so frustrated and angry with a company, when making a purchase. I used to consider Amazon a good, reliable and helpful source. I don't anymore. ðŸ¤¨ ðŸ˜ ",3,every order i have placed or tried to place since nov has had a problem amazon problem not rd party issue never have i been so frustrated and angry with a company when making a purchase i used to consider amazon a good reliable and helpful source i do not anymore,deluzionalme,,
17891,299,1,Amazon,,"['amazon', 'be', 'rapidly', 'decline', 'terrible', 'filter', 'set', 'cause', 'several', 'item', 'not', 'look', 'show', 'prime', 'be', 'not', 'prime', 'anymore', 'day', 'shipping', 'turn', 'time', 'not', 'day', 'shipping', 'disappointing']",2019-03-01,518781,"amazon is rapidly declining... terrible filter settings cause several items that aren't what you're looking for to show.... prime isn't prime anymore; two day shipping has turned into, more times than not, 4 or 5 day shipping. very disappointing.",1,amazon is rapidly declining terrible filter setting cause several item that are not what you are looking for to show prime is not prime anymore two day shipping has turned into more time than not or day shipping very disappointing,K Mcc,,
17896,304,1,Amazon,,"['absolutely', 'hate', 'application', 'crash', 'constantly', 'use', 'work', 'fine', 'decide', 'add', 'bunch', 'animation', 'dog', 'picture', 'be', 'ever', 'see', 'have', 'update', 'several', 'time', 'seem', 'keep', 'get', 'bad', 'use', 'amazon', 'shame']",2019-03-06,518788,"I absolutely HATE this app!! Crashes constantly. Used to work fine. They decided to add a bunch of animations and dog pictures, now it's all I ever see. I've updated it several times and it just seems to keep getting worse. I'll just use Amazon less. Shame.",1,i absolutely hate this application crash constantly used to work fine they decided to add a bunch of animation and dog picture now it is all i ever see i have updated it several time and it just seems to keep getting worse i will just use amazon le shame,Eric Stone,,
17898,306,1,Amazon,,"['bit', 'lay', 'have', 'prime', 'list', 'do', 'not', 'see', 'be', 'slow', 'sometimes', 'add', 'item', 'cart', 'take', 'press', 'sometimes', 'still', 'doe', 'not', 'take']",2019-03-02,518790,"A bit laggy. I have prime and a few lists, but I don't see why it's so slow sometimes. Adding an item to my cart takes two presses and sometimes still doesn't ""take.""",3,a bit lay i have prime and a few list but i do not see why it is so slow sometimes adding an item to my cart take two press and sometimes still doe not take,Brian Pivik,,
17901,309,1,Amazon,,"['be', 'possible', 'make', 'purchase', 'application', 'however', 'be', 'near', 'impossible', 'navigate', 'intense', 'lag', 'go', 'slow', 'be', 'buggy', 'often', 'time', 'have', 'close', 'application', 'open', 'application', 'get', 'button', 'work', 'highly', 'advise', 'order', 'desktop', 'webster', 'need', 'lot', 'work']",2019-03-02,518794,"Yes it is possible to make purchases on this app. However, it is near impossible to navigate because of the intense lag. It goes so slow, and is so buggy that often times you have to close the app and open it again to get the buttons to work. I highly advise you to just order off of the desktop website. Needs a LOT of work.",2,yes it is possible to make purchase on this application however it is near impossible to navigate because of the intense lag it go so slow and is so buggy that often time you have to close this application and open this application again to get the button to work i highly advise you to just order off of the desktop webster need a lot of work,A Google User,,
17902,310,1,Amazon,,"['not', 'sure', 'old', 'never', 'moment', 'be', 'trouble', 'moment', 'have', 'nothing', 'trouble', 'new', 'application', 'lock', 'constantly', 'have', 'stop', 'new', 'application', 'restart', 'stop', 'restart', 'new', 'application', 'fix', 'new', 'application']",2019-03-03,518795,I'm not sure why we had to get rid of the old at. I never had a moment's trouble with it. Now I have nothing but trouble. The new app locks up constantly. I have to stop it restarted stop at restart it... Please fix it.,1,i am not sure why we had to get rid of the old at i never had a moment is trouble with a moment now i have nothing but trouble the new application lock up constantly i have to stop the new application restarted stop at restart the new application please fix the new application,Kylie Sabra,,
17904,312,1,Amazon,,"['husband', 'do', 'not', 'receive', 'itemshipe', 'together', 'husband', 'message', 'amazon', 'instead', 'help', 'refund', 'resent', 'check', 'delivery', 'end', 'cancel', 'husband', 'whole', 'account', 'not', 'helpful', 'rude', 'could', 'not', 'answer', 'single', 'question', 'horrible', 'customer_service']",2019-03-07,518797,"My husband didn't receive 2 items(shipped together) so he messaged amazon and instead of helping us (refund, resend or checking delivery on there end) they cancelled his whole account! Not helpful at all and very rude wouldnt answer a single question! horrible customer service!",1,my husband did not receive itemshiped together so my husband message amazon and instead of helping u refund resent or checking delivery on there end they cancelled my husband whole account not helpful at all and very rude couldnt answer a single question horrible customer service,A Google User,,
17906,314,1,Amazon,,"['bad', 'customer_service', 'time', 'occasionally', 'get', 'someone', 'help', 'get', 'deana', 'menu', 'do', 'not', 'even', 'try', 'sarcastic', 'rude', 'completely', 'unhelpful', 'safe', 'part', 'deana', 'be', 'supervisor', 'far', 'disrespectful', 'customer_service', 'rep', 'have', 'ever', 'deal', 'supervisor', 'not', 'even', 'allow', 'work', 'mcdonald', 'be']",2019-03-06,518799,"The WORST customer service most of the time. Occasionally, u get someone who helps but if u get Reanna or Meenu, dont even try. Sarcastic, rude and completely unhelpful. And the sadest part of all, Reanna is the supervisor and was by far the most disrespectful customer service rep I've ever had to deal with. She shouldn't even be allowed to work at McDonald's.",2,the worst customer service most of the time occasionally you get someone who help but if you get deana or menu do not even try sarcastic rude and completely unhelpful and the safest part of all deana is the supervisor and was by far the most disrespectful customer service rep i have ever had to deal with the supervisor should not even be allowed to work at mcdonald is,Jason Treichler,,
17935,343,1,Amazon,,"['time', 'go', 'product', 'page', 'detail', 'keep', 'get', 'error', 'page', 'something', 'wrong', 'detail', 'end']",2019-03-08,518863,every time i go to a product page for details I keep getting an error page that somethings wrong on their end,2,every time i go to a product page for detail i keep getting an error page that somethings wrong on detail end,David Burger,,
17936,344,1,Amazon,,"['time', 'say', 'check', 'stockroom', 'let', 'check', 'stockroom', 'nothing', 'actually', 'load', 'have', 'keep', 'close', 'reopen', 'application', 'have', 'uninstale', 'instal', 'frustrating', 'buy', 'lot']",2019-03-08,518864,"all the time it'll say ""checking the stockroom..."" or ""let me check the stockroom.."" and nothing actually loads so I have to keep closing and reopening the app. I have uninstalled and reinstalled. very frustrating since I buy a lot from them.",2,all the time it will say checking the stockroom or let me check the stockroom and nothing actually load so i have to keep closing and reopening the application i have uninstaled and installed very frustrating since i buy a lot from them,A Google User,,
17945,353,1,Amazon,,"['late', 'version', 'be', 'much', 'improve', 'late', 'version', 'still', 'want', 'load', 'main', 'content', 'page', 'status', 'order']",2019-03-07,518875,"The latest version is much improved, but it still wants to load the ""ads"" before the main content of the page, such as the status if orders",2,the latest version is much improved but the latest version still want to load the ad before the main content of the page such a the status if order,stephen chiusano,,
17953,361,1,Amazon,,"['love', 'amazon', 'simplicity', 'variety', 'new', 'application', 'suck', 'keep', 'crash', 'crash', 'phone', 'previous', 'application', 'work', 'perfectly', 'well', 'have', 'back']",2019-03-04,518925,"i love amazon, the simplicity and variety, but this new app sucks! i keeps crashing and crashing my phone. the previous app worked perfectly well. can we have that back please?",3,i love amazon the simplicity and variety but this new application suck i keep crashing and crashing my phone the previous application worked perfectly well can we have that back please,Theuns van Dyk,,
17971,379,1,Amazon,,"['browse', 'history', 'keep', 'record', 'even', 'set', 'be', 'turn', 'goggle', 'switch', 'application', 'desktop', 'doe', 'nothing', 'setting', 'be', 'broken', 'ignore', 'amazon']",2019-03-07,518952,Browsing history keeps recording even when the setting is turned off. Toggling that switch through the app or through the desktop does nothing. The setting is either broken or ignored by amazon.....,1,browsing history keep recording even when the setting is turned off goggling that switch through the application or through the desktop doe nothing the setting is either broken or ignored by amazon,A Google User,,
18019,427,1,Amazon,,"['application', 'work', 'fine', 'guess', 'application', 'need', 'major', 'stability', 'update']",2019-03-07,519051,"This application works fine, I guess. It just needs a major stability update.",2,this application work fine i guess this application just need a major stability update,Gage Abdul,,
18065,473,1,Amazon,,"['last', 'update', 'manual', 'zoom', 'be', 'not', 'work', 'picture', 'keep', 'go', 'blank', 'samsung', 'edge']",2019-03-08,519156,since the last update the manual zoom is not working the picture just keeps going blank samsung s7 edge,2,since the last update the manual zoom is not working the picture just keep going blank samsung s edge,shamus kirwan,,
18075,483,1,Amazon,,"['late', 'update', 'not', 'install', 'instal', 'second', 'try', 'be', 'good']",2019-03-08,519169,latest update will not install. installed second try. all is good.,5,latest update will not install installed second try all is good,A Google User,,
18080,488,1,Amazon,,"['application', 'be', 'break', 'throw', 'application', 'trash', 'time', 'thing', 'work', 'be', 'ad', 'annoying']",2019-03-08,519174,this app is so broken. throw it in the trash. 90% of the time the only thing that works is ads. so annoying.,1,this application is so broken throw this application in the trash of the time the only thing that work is ad so annoying,Stressing Z,,
18153,561,1,Amazon,,"['part', 'love', 'application', 'application', 'convent', 'thing', 'find', 'extremely', 'annoying', 'be', 'periodically', 'application', 'disable', 'application', 'disappear', 'aps', 'phone', 'fix']",2019-03-02,519264,for the most part i love the app .. its very convient ..but the one thing that I find extremely annoying is periodically the app disables itself and disappears from the apps on my phone.. Please fix!!!,3,for the most part i love the application the application very convent but the one thing that i find extremely annoying is periodically the application disables the application and disappears from the aps on my phone please fix,Lashaina Robinson,,
18157,565,1,Amazon,,"['glitch', 'crazy', 'black_screen', 'take', 'back', 'old', 'search', 'make', 'want', 'end', 'prime', 'subscription']",2019-03-02,519271,Glitches like crazy. Black screens then takes me back to old searches. Makes me want to end my Prime subscription.,2,glitch like crazy black screen then take me back to old search make me want to end my prime subscription,- Alice Gray -,,
18158,566,1,Amazon,,"['last', 'month', 'application', 'crash', 'everytime', 'try', 'open', 'application', 'application', 'get', 'highly', 'annoying']",2019-03-01,519272,since the last month this app will crash everytime i try to open it. its getting Highly annoying.,1,since the last month this application will crash everytime i try to open this application this application getting highly annoying,CoatedAmobeba401,,
18159,567,1,Amazon,,"['crash', 'lot', 'not', 'buy', 'anything', 'show', 'dog', 'went_wrong', 'end', 'fix', 'anything', 'be', 'not', 'hard']",2019-03-02,519273,"crashes alot I can't buy anything...it shows a dog with "" oops something went wrong on our end""... fix it please is not that hard...",1,crash a lot i can not buy anything show a dog with ops something went wrong on our end fix anything please is not that hard,Johnny Valdes,,
18187,595,1,Amazon,,"['great', 'site', 'application', 'keep', 'crash', 'galaxy', 'must', 'glitch', 'sensible', 'wait', 'update']",2019-03-07,519310,"Great site and app, but it keeps crashing on my Galaxy S9+, must be a glitch. I will be sensible and wait for further updates.",4,great site and application but it keep crashing on my galaxy s must be a glitch i will be sensible and wait for further update,Kingbooger94,,
18270,678,1,Amazon,,"['eat', 'datum', 'snoopy', 'ap']",2019-03-07,519440,eats up data and snoops in other apps.,1,eats up data and snoopy in other aps,L.N. Parker,,
18272,680,1,Amazon,,"['glitch', 'not', 'even', 'open', 'suddenly']",2019-03-05,519443,glitchy and wont even open suddenly,1,glitch and will not even open suddenly,Ryan O,,
18273,681,1,Amazon,,"['doe', 'not', 'work', 'goole', 'pixel']",2019-03-04,519444,Does not work on Google Pixel 3.,1,doe not work on goole pixel,John Jobst,,
18274,682,1,Amazon,,"['download', 'application', 'receive', 'deny', 'guy', 'sick']",2019-03-04,519445,Downloaded app to recieve $10. But then denied me.... you guys are sick.,1,downloaded application to receive but then denied me you guy are sick,A Google User,,
18276,684,1,Amazon,,"['run', 'way', 'slow', 'edge', 'version', 'wife']",2019-03-01,519447,Runs way too slow on GS7 Edge Verizon or WiFi,3,run way too slow on g edge version or wife,Robert Severance,,
18279,687,1,Amazon,,"['slow', 'rewrite', 'application', 'natively', 'thank']",2019-03-07,519450,"Very slow, please re-write the app natively. Thanks.",1,very slow please rewrite the application natively thanks,A Google User,,
18280,688,1,Amazon,,"['application', 'not', 'work', 'not', 'access', 'cart']",2019-03-05,519451,app wont work cant access my cart,1,application will not work can not access my cart,Angela Berthot,,
18282,690,1,Amazon,,"['keep', 'crash', 'time', 'search', 'be', 'use']",2019-03-07,519453,keeps crashing every time the search is used.,2,keep crashing every time the search is used,Feroze K,,
18304,712,1,Amazon,,"['be', 'word', 'use', 'describe', 'application', 'crash', 'be', 'doe', 'try', 'use', 'click', 'today', 'be', 'deal', 'crash', 'click', 'wish', 'list', 'crash', 'be', 'page', 'safe', 'crashing', 'application', 'update', 'still', 'crash', 'frustrating']",2019-03-08,519522,"What is one word I can use to describe this app? How about 'crashes' because that's all it does when I try to use it. I click today's deals, crashes. I click my wish list, crashes. There is no page safe from it crashing and throughout the app updates it still crashes, over and over again! So frustrating!!",1,what is one word i can use to describe this application how about crash because that is all it doe when i try to use it i click today is deal crash i click my wish list crash there is no page safe from it crashing and throughout the application update it still crash over and over again so frustrating,Nicole,,
18313,721,1,Amazon,,"['first', 'time', 'try', 'use', 'application', 'purchase', 'book', 'not', 'even', 'get', 'check', 'application', 'keep_kicke', 'say', 'went_wrong', 'absolutely', 'ridiculous', 'item', 'want', 'bay', 'dollar', 'never', 'have', 'issue', 'bay', 'think', 'spend', 'extra', 'money', 'buy', 'figure', 'would', 'try', 'save', 'buck', 'not', 'application', 'not', 'even', 'function', 'right', 'waist', 'time']",2019-03-08,519533,"first time trying to use the app to purchase a few book. I cant even get to the check out as the app keeps kicking me off saying ""oops something went wrong"". absolutely ridiculous! the same items I want are on Ebay but are a few dollars more. I NEVER have issues with Ebay think I'll just spend the extra money and buy there. figured I would try to save a few bucks but not if the app cant even function right! waist of time!",1,first time trying to use the application to purchase a few book i can not even get to the check out a the application keep kicking me off saying ops something went wrong absolutely ridiculous the same item i want are on bay but are a few dollar more i never have issue with bay think i will just spend the extra money and buy there figured i would try to save a few buck but not if the application can not even function right waist of time,Jasmine Haithcoat,,
18321,729,1,Amazon,,"['really', 'wish', 'would', 'bring_back', 'recommendation', 'tab', 'menu', 'older_version', 'easy', 'find', 'recs', 'kindle', 'book', 'department', 'base', 'interest', 'show', 'not', 'find', 'easy', 'way', 'do', 'new', 'version', 'guess', 'go', 'back', 'install', 'old', 'version', 'do', 'think', 'amazon']",2019-03-07,519541,"I really wish they would bring back the recommendations tab in the menu, that was on older versions. It was so easy to find recs for kindle books or any other department based on what your interests had shown. Just can't find an easy way of doing it on the newer versions so I guess i'll go back and install an old version again. What do you think Amazon?",2,i really wish they would bring back the recommendation tab in the menu that was on older version it was so easy to find recs for kindle book or any other department based on what your interest had shown just can not find an easy way of doing it on the newer version so i guess i will go back and install an old version again what do you think amazon,Alice,,
18359,767,1,Amazon,,"['note', 'not', 'use', 'search', 'sorting', 'filter', 'feature', 'webster', 'keep', 'revert', 'web', 'version', 'get', 'anything', 'do']",2019-03-07,519586,A nnoying because I can't use same search and sorting filters features as website keep on reverting to web version to get anything done.,1,a noting because i can not use same search and sorting filter feature a webster keep on reverting to web version to get anything done,Chris Huckins,,
18360,768,1,Amazon,,"['crash', 'everytime', 'do', 'search', 'have', 'instal', 'search', 'several', 'time', 'search', 'still', 'be', 'buggy']",2019-03-01,519587,Crashes everytime I do a search. I've reinstalled it several times and it still is buggy. ðŸ˜›,1,crash everytime i do a search i have installed a search several time and a search still is buggy,Sarita Riley,,
18361,769,1,Amazon,,"['keep', 'go', 'load', 'application', 'already', 'do', 'week', 'be', 'ago']",2019-03-02,519588,keeps going to down load app now. Already did week's ago.,1,keep going to down load application now already did week is ago,tom byerley,,
18368,776,1,Amazon,,"['have', 'make', 'order', 'today', 'denmark', 'get', 'surprised', 'get', 'charge', 'time', 'go', 'costume', 'service', 'be', 'impossible', 'reach', 'denmark', 'disappoint']",2019-03-06,519596,I have made my order today and i am here in denmark. I got surprised I got charged 3 times and I went to costumer service and is impossible for me to reach them. So disappointed.,1,i have made my order today and i am here in denmark i got surprised i got charged time and i went to costume service and is impossible for me to reach denmark so disappointed,Ria Galleza,,
18369,777,1,Amazon,,"['order', 'pay', 'book', 'call', 'find', 'not', 'receive', 'book', 'say', 'record', 'purchase', 'use', 'site', 'get', 'book']",2019-03-02,519597,"ordered and paid for a book. when I called 2 find out why I hadn't received it, they said they had no record of my purchase! Used another site 2 get it!",2,ordered and paid for a book when i called find out why i had not received a book they said they had no record of my purchase used another site get a book,pat hocker,,
18370,778,1,Amazon,,"['numerous', 'thing', 'wrong', 'last', 'update', 'order', 'eligible', 'item', 'not', 'suppose', 'pay', 'shipping', 'use', 'application', 'mean', 'pay', 'shipping', 'regardless', 'addition', 'get', 'error', 'not', 'qualified', 'leave', 'review', 'have', 'be', 'allow', 'last']",2019-03-03,519599,"Numerous things are wrong with this since the last update. If you order eligible items over 25.00 you are not supposed to pay shipping. Using the app means you will pay shipping regardless. In addition you get an error that you are ""not qualified"" to leave a review, despite having been allowed before the last.",1,numerous thing are wrong with this since the last update if you order eligible item over you are not supposed to pay shipping using the application mean you will pay shipping regardless in addition you get an error that you are not qualified to leave a review despite having been allowed before the last,Mariah R,,
18424,832,1,Amazon,,"['slow', 'load', 'make', 'experience', 'terrible']",2019-03-01,519737,Slow to load which makes the experience terrible,1,slow to load which make the experience terrible,Damien Terronez,,
18429,837,1,Amazon,,"['application', 'be', 'trash', 'waste', 'time']",2019-03-07,519744,APP IS TRASH WASTE OF TIME,1,application is trash waste of time,Natalie McBride,,
18431,839,1,Amazon,,"['application', 'crash', 'freeze', 'time', 'galaxy', 'get', 'bad', 'thinking', 'cancelling', 'prime_membership']",2019-03-02,519746,the app crashes and freeze all the time on galaxy s8. it has gotten so bad I am thinking of cancelling my prime membership.,2,the application crash and freeze all the time on galaxy s it has gotten so bad i am thinking of cancelling my prime membership,Sarah R,,
18432,840,1,Amazon,,"['stop', 'work', 'try', 'deinstall', 'instal', 'deinstall', 'ther', 'be', 'option', 'update', 'application', 'fix', 'update', 'option']",2019-03-04,519747,its stops working. i try to reinstall by uninstall the reinstall but then ther is an option to update the app. FIX TGE UPDATE OPTION,1,its stop working i try to deinstall by instal the deinstall but then ther is an option to update the application fix the update option,Tripti Chaturvedi,,
18434,842,1,Amazon,,"['feb', 'update', 'destroy', 'functionality', 'application', 'produce', 'blank_white', 'screen', 'lock', 'render', 'feb', 'update', 'destroy', 'functionality', 'useless']",2019-03-01,519749,"Feb update destroyed functionality. App produces blank white screen and locks up, rendering it useless.",1,feb update destroyed functionality application produce blank white screen and lock up rendering feb update destroyed functionality useless,Sonytheoao T,,
18437,845,1,Amazon,,"['unable', 'access', 'return', 'label', 'email', 'not', 'pull', 'application', 'force', 'application', 'open', 'delete', 'application', 'get', 'application', 'use', 'inconvenient']",2019-03-06,519753,"unable to access return labels from email as it won't pull up in the app, but forces the app to open. Had to delete the app to get it to use the web browser. Very inconvenient!",2,unable to access return label from email a it will not pull up in the application but force the application to open had to delete the application to get the application to use the web browser very inconvenient,Kaitlin S,,
18438,846,1,Amazon,,"['buggy', 'keep', 'try', 'take', 'photo', 'product', 'receive', 'make', 'review', 'photo', 'product', 'receive', 'make', 'review', 'not', 'even', 'stay', 'page', 'have', 'keep', 'outdate', 'version']",2019-03-05,519754,VERY BUGGY! I keep trying to take a photo of the product I received to make a review and it won't even stay on the page I'm on. I should've kept my outdated version!,1,very buggy i keep trying to take a photo of the product i received to make a review and a photo of the product i received to make a review will not even stay on the page i am on i should have kept my outdated version,Divo Ess,,
18439,847,1,Amazon,,"['be', 'far', 'bad', 'application', 'phone', 'be', 'borderline', 'unusable', 'slow', 'lay', 'crash', 'constantly', 'nightmare', 'use', 'actually', 'shocked', 'amazon', 'would', 'make', 'application', 'bad']",2019-03-03,519755,"This is by far the worst app on my phone. It's borderline unusable-- slow, laggy, crashes constantly, and just a nightmare to use. I'm actually shocked that Amazon would make app this bad",1,this is by far the worst application on my phone it is borderline unusable slow lay crash constantly and just a nightmare to use i am actually shocked that amazon would make application this bad,Mark,,
18440,848,1,Amazon,,"['time', 'use', 'application', 'be', 'buggy', 'freeze', 'close', 'have', 'pixel', 'update', 'software', 'be', 'amazon', 'be', 'fault']",2019-03-06,519756,"70% of the time I use it, this app is buggy and either freezes or closes. I have a Pixel 2 w updated software. It's Amazon's fault.",2,of the time i use it this application is buggy and either freeze or close i have a pixel w updated software it is amazon is fault,Scott,,
18441,849,1,Amazon,,"['version', 'application', 'be', 'always', 'crash', 'bring_back', 'version', 'application', 'dog', 'picture', 'nice', 'dog', 'picture', 'not', 'big', 'help']",2019-03-07,519759,This version of the app is always crashing. Bring back the old STABLE version. The dog pictures are nice but they are not a very big help.,1,this version of the application is always crashing bring back this version of the application the dog picture are nice but the dog picture are not a very big help,Bruce Dudek,,
18681,1089,1,Amazon,,"['new', 'update', 'make', 'buggy']",2019-03-03,520331,new update made it buggy,1,new update made it buggy,A Google User,,
18684,1092,1,Amazon,,"['do', 'not', 'like', 'marketing', 'mail']",2019-03-08,520334,I don't like marketing mails.,1,i do not like marketing mail,Fredrik Bakke,,
18696,1104,1,Amazon,,"['suddenly', 'not', 'view', 'image', 'full', 'screen', 'otherwise', 'be', 'great', 'application']",2019-03-01,520347,Suddenly I can't view images at full screen. Otherwise this is a great app.,4,suddenly i can not view image at full screen otherwise this is a great application,A Google User,,
18705,1113,1,Amazon,,"['not', 'start', 'return', 'broken', 'week', 'fix', 'application']",2019-03-04,520376,"cant start returns, broken for weeks. fix your app.",1,can not start return broken for week fix your application,Chris Whipple,,
18716,1124,1,Amazon,,"['new', 'update', 'horrible']",2019-03-03,520389,these new updates are horrible,2,these new update are horrible,raena clark,,
18804,1212,1,Amazon,,"['doe', 'not', 'load', 'anything']",2019-03-02,520551,Doesn't load anything at all,1,doe not load anything at all,Brandon Espinoza,,
18805,1213,1,Amazon,,"['great', 'application', 'bug', 'use', 'application']",2019-03-07,520552,great app some bugs here and there but my most used app,4,great application some bug here and there but my most used application,Dardantte Vaovasa,,
18807,1215,1,Amazon,,"['note', 'not', 'update']",2019-03-06,520555,Note 5 Won't update,4,note will not update,Matthew Harmon,,
18810,1218,1,Amazon,,"['problem', 'instant', 'state']",2019-03-01,520560,Problems INSANT I stated it,1,problem instant i stated it,Lindsey Corbin,,
19041,1449,1,Amazon,,"['minute', 'shopping', 'screen', 'turn', 'black', 'not', 'let', 'do', 'anything', 'restart', 'application', 'happen', 'time', 'update', 'application', 'still', 'doe', 'hardly', 'shop', 'use', 'buy', 'grocery', 'use', 'fresh', 'thinking', 'dropping', 'subscription', 'be', 'frustrate', 'difficult', 'load', 'page', 'make', 'want', 'slam', 'phone', 'wall']",2019-03-08,521135,"After only a few minutes of shopping, my screen turns black and won't let me do anything until I restart the app. Happens EVERY TIME. I updated app and it still does it, can hardly shop. Used to buy all my groceries using Fresh, but thinking of dropping my subscription since it is so frustrating and difficult just to load a few pages! Makes me want to slam my phone against a wall.",2,after only a few minute of shopping my screen turn black and will not let me do anything until i restart the application happens every time i updated application and it still doe it can hardly shop used to buy all my grocery using fresh but thinking of dropping my subscription since it is so frustrating and difficult just to load a few page make me want to slam my phone against a wall,Melissa Lambert,,
19044,1452,1,Amazon,,"['amazon', 'release', 'web', 'wrapper', 'application', 'be', 'brutally', 'impossibly', 'slow', 'let', 'give', 'money', 'faster']",2019-03-01,521192,"how can Amazon release a web wrapper app? it's brutally, impossibly slow. just let me give you my money faster!",1,how can amazon release a web wrapper application it is brutally impossibly slow just let me give you my money faster,Alex Ruimy,,
19056,1464,1,Amazon,,"['not', 'even', 'download']",2019-03-08,521236,wont even download,1,will not even download,Psychology Nerd,,
19060,1468,1,Amazon,,"['not', 'let', 'sign']",2019-03-04,521243,won't let me sign in,1,will not let me sign in,A Google User,,
19068,1476,1,Amazon,,"['image', 'view', 'many', 'item', 'show', 'grey', 'tint', 'zoom', 'in', 'least', 'little', 'also', 'image', 'view', 'wish', 'list', 'be', 'unresponsive', 'issue', 'long', 'time', 'try', 'multiple', 'flagship', 'phone']",2019-03-04,521259,"When in image view, many items are shown with a grey tint until you zoom in at least a little. Also when in image view, the wishlist below is unresponsive. Same issues for a long time and tried on multiple flagship phones.",2,when in image view many item are shown with a grey tint until you zoom in at least a little also when in image view the wish-list below is unresponsive same issue for a long time and tried on multiple flagship phone,Michael Tsenter,,
19070,1478,1,Amazon,,"['intrusive', 'doe', 'not', 'offer', 'anything', 'apart', 'browser', 'doe', 'retrieve', 'data', 'bother', 'message', 'hard', 'find', 'item', 'department', 'complete', 'failure']",2019-03-04,521261,Intrusive. Does not offer anything apart from what a browser does. Retrieves data and bothers you with messages. Hard to find items in departments. A complete failure.,2,intrusive doe not offer anything apart from what a browser doe retrieves data and bother you with message hard to find item in department a complete failure,David Fernandez,,
19077,1485,1,Amazon,,"['not', 'interested', 'stop', 'advert']",2019-03-05,521278,NOT INTERESTED PLEASE STOP. ADVERTS.,1,not interested please stop advert,A Google User,,
19081,1489,1,Amazon,,"['application', 'be', 'slow', 'not', 'load']",2019-03-06,521287,App is slow and wont load.,1,application is slow and will not load,A Google User,,
19082,1490,1,Amazon,,"['application', 'year', 'always', 'five_star', 'be', 'second', 'time', 'instal', 'deinstall', 'error', 'disallow', 'launch', 'application', 'have', 'note', 'year', 'happen', 'twice', 'month', 'hopefully', 'deinstall', 'last']",2019-03-06,521288,I had my app for a few years now and always five stars but this is the second time I had to uninstall and reinstall due to some error that disallow me from launching it. I have a note 8 for a year now and this happened twice within 2 months. hopefully this reinstall will be the last.,3,i had my application for a few year now and always five star but this is the second time i had to instal and deinstall due to some error that disallow me from launching my application i have a note for a year now and this happened twice within month hopefully this deinstall will be the last,Jayzel Dionisio,,
19099,1507,1,Amazon,,"['crash', 'application', 'not', 'open', 'split', 'second']",2019-03-04,521320,crashing.... app won't open for more than split second,1,crashing application will not open for more than split second,Anya Romanovna Pannullo,,
19130,1538,1,Amazon,,"['search', 'nothing', 'be', 'happen', 'look', 'stuff', 'category', 'soon', 'try', 'go', 'next', 'page', 'go', 'white_screen', 'become', 'prime_member', 'not', 'even', 'look', 'product', 'need']",2019-03-05,521377,During search nothing is happening. I can look at stuff under categories. As soon I try to go to the next page it goes to a white screen and nothing happens. I just became a prime member and I can't even look for products I need.,1,during search nothing is happening i can look at stuff under category a soon i try to go to the next page it go to a white screen and nothing happens i just became a prime member and i can not even look for product i need,A Google User,,
19131,1539,1,Amazon,,"['get', 'slow', 'even', 'unstable', 'time']",2019-03-05,521381,It has gotten slower and even unstable at times.,2,it has gotten slower and even unstable at time,Caustic Fox,,
19132,1540,1,Amazon,,"['edit', 'application', 'use', 'slow', 'recently', 'be', 'responsive', 'home', 'page', 'be', 'still', 'awfully', 'clutter', 'product', 'page', 'eyesore', 'nothing', 'be', 'cohesive']",2019-03-05,521383,Edit: App used to be slow for me. It has recently been more responsive. Home page is still awfully cluttered. Product pages are an eyesore. Nothing is cohesive.,3,edit application used to be slow for me it has recently been more responsive home page is still awfully cluttered product page are an eyesore nothing is cohesive,Spencer Tinkey,,
19133,1541,1,Amazon,,"['get', 'application', 'code', 'goole', 'amino', 'disappear', 'soon', 'click', 'stand', 'take', 'application', 'store', 'find', 'mail', 'day', 'thank', 'want', 'use', 'send', 'payment', 'email', 'second', 'take', 'day', 'have', 'never', 'problem', 'payment_method', 'seldom', 'use', 'amazon', 'application', 'application', 'could', 'not', 'accept', 'payment', 'go', 'webster', 'application', 'worked_fine', 'complete', 'waste', 'time', 'imho']",2019-03-05,521386,"i got this app for the $10 code, only to google (b.c the ad/info for it disappears as soon as you click it& it takes you to the app store..) and find out it'll be emailed to me within 7-10 days.. thx, i wanted to use it now. they can send a payment email in 3 seconds, but that takes 7days..?? I've never had a problem w. my payment method before, and I seldomly use amazon but with the app it wouldnt accept payment, so i went onto the website and it worked fine. a complete waste of my time, imho.",1,i got this application for the code only to goole bc the amino for it disappears a soon a you click stand it take you to the application store and find out it will be mailed to me within day thanks i wanted to use it now they can send a payment email in second but that take day i have never had a problem w my payment method before and i seldom use amazon but with the application the application couldnt accept payment so i went onto the webster and the application worked fine a complete waste of my time imho,A Google User,,
19137,1545,1,Amazon,,"['get', 'notification', 'not', 'leave', 'application', 'terrible', 'avoid', 'have', 'be', 'warn']",2019-03-08,521392,If you get a notification you cannot leave the app Terrible UI Avoid - you have been warned :@((,1,if you get a notification you can not leave the application terrible ui avoid you have been warned atuser,Iain Clapham,,
19155,1563,1,Amazon,,"['much', 'bad', 'use']",2019-03-04,521421,much worse than just using a web browser,1,much worse than just using a web browser,Tom Cox,,
19160,1568,1,Amazon,,"['treasure', 'truck', 'keep', 'crash', 'sigh', 'update', 'still', 'crash', 'time', 'try', 'select', 'pick', 'location', 'treasure', 'truck', 'bad', 'clear', 'amazon', 'be', 'fabulous', 'application', 'need', 'fix', 'update', 'still', 'crash', 'today', 'be', 'update']",2019-03-07,521434,"Treasure truck keeps crashing sigh. Update: still crashing every time I try to select a pick up location for the treasure truck; very bad. (Just to be clear, Amazon itself is fabulous: but this app needs FIXING.) Update: Still crashing after today's update.",1,treasure truck keep crashing sigh update still crashing every time i try to select a pick up location for treasure truck very bad just to be clear amazon itself is fabulous but this application need fixing update still crashing after today is update,Kirk Davis,,
19161,1569,1,Amazon,,"['never', 'use', 'not', 'able', 'instal']",2019-03-07,521436,i never use it and I am not able to uninstall it.,1,i never use it and i am not able to instal it,Joanna FaGalde,,
19163,1571,1,Amazon,,"['do', 'not', 'like']",2019-03-07,521438,don't like it,1,do not like it,Juan Subirias,,
19167,1575,1,Amazon,,"['having_trouble', 'logging', 'account', 'call', 'ask', 'manager', 'spend', 'hour', 'phone', 'still', 'could', 'not', 'fix', 'catch', 'page', 'keep', 'come', 'login', 'not', 'work', 'try', 'different', 'thing', 'supervisor', 'be', 'loss', 'do']",2019-03-07,521449,Having trouble logging into account when calling had to ask for a manager who spent over 2 hours on the phone with me who still could not fix this. Captcha pages keeps coming up and login not working after trying 1 million different things with Supervisor who is now at a loss of what to do.,1,having trouble logging into account when calling had to ask for a manager who spent over hour on the phone with me who still could not fix this catch page keep coming up and login not working after trying million different thing with supervisor who is now at a loss of what to do,Michael R,,
19168,1576,1,Amazon,,"['baffle', 'not', 'utilize', 'look', 'read', 'preview', 'kindle', 'book', 'application', 'do', 'browser', 'window', 'want', 'read', 'bit', 'book', 'have', 'download', 'sample', 'take', 'necessary', 'room', 'kindle', 'also', 'application', 'be', 'sluggish', 'usually', 'have', 'click', 'thing', 'time', 'get', 'anything', 'happen', 'addition', 'try', 'edit', 'manual', 'wish', 'list', 'idea', 'manual', 'wish', 'list', 'idea', 'doe', 'not', 'save', 'change', 'matter', 'do', 'really', 'annoying']",2019-03-07,521454,"it baffles me you that can't utilize ""look inside"" and read a preview of a kindle book within the app. You can only do this in a browser window, so if you want to read a bit of the book you have to download a sample, which takes up unecessary room on your kindle. Also app is sluggish. You usually have to click on things 3 or 4 times to get anything to happen. In addition, when you try to edit your manual wishlist idea it doesn't save your changes no matter what you do. Really annoying!!",2,it baffle me you that can not utilize look inside and read a preview of a kindle book within the application you can only do this in a browser window so if you want to read a bit of the book you have to download a sample which take up necessary room on your kindle also application is sluggish you usually have to click on thing or time to get anything to happen in addition when you try to edit your manual wish-list idea your manual wish-list idea doe not save your change no matter what you do really annoying,Jenn Watts,,
19169,1577,1,Amazon,,"['not', 'log', 'account', 'application', 'sign', 'button', 'also', 'sign', 'button', 'not', 'even', 'allow', 'instal', 'application', 'phone', 'force', 'sign', 'want', 'sign', 'account', 'sign', 'button', 'difficult']",2019-03-07,521458,I can't log out of my account on the app. Theres just no sign out button... also it won't even allow me to uninstall the app on my phone to force a a re sign in. I JUST WANNA SIGN IN TO MY OTHER ACCOUNT IT SHOULDNT BE THIS DIFFICULT!,1,i can not log out of my account on the application there just no sign out button also no sign out button will not even allow me to instal the application on my phone to force a a re sign in i just want to sign in to my account no sign out button should be this difficult,Mark Sampirisi,,
19170,1578,1,Amazon,,"['slow', 'unresponsive', 'doe', 'allow', 'add', 'item', 'cart', 'list', 'take', 'minute', 'wait', 'crash', 'annoying']",2019-03-07,521461,Very slow and unresponsive. Doesnt allow me to add items to my cart or lists without taking 5 or more minutes and then after waiting its just crashes. Very annoying....,2,very slow and unresponsive doe allow me to add item to my cart or list without taking or more minute and then after waiting its just crash very annoying,Sam Richards,,
19177,1585,1,Amazon,,"['constantly', 'crash', 'do', 'not', 'bother']",2019-03-06,521478,Constantly crashing!!! Don't bother!,1,constantly crashing do not bother,Anthony Gustafson,,
19188,1596,1,Amazon,,"['be', 'china', 'version', 'not', 'change', 'china', 'version', 'english', 'version', 'not', 'instal', 'china', 'version', 'pretty', 'awful']",2019-03-06,521502,"It's the China version, you can't change it to English version and you cannot uninstall it. Pretty awful.",1,it is the china version you can not change the china version to english version and you can not instal the china version pretty awful,Pablo Boullosa,,
19191,1599,1,Amazon,,"['terrible', 'application', 'suddenly', 'stop', 'notify', 'delivery']",2019-03-06,521505,terrible. app suddenly stopped notifying me of deliveries.,1,terrible application suddenly stopped notifying me of delivery,A H.H.,,
19197,1605,1,Amazon,,"['bug', 'not', 'open', 'application', 'instal', 'deinstall', 'get', 'work']",2019-03-01,521519,"Theres a bug where it wont open the app, had to uninstall and reinstall to get it to work ðŸ˜•ðŸ˜•ðŸ˜•",3,there a bug where it will not open the application had to instal and deinstall to get it to work,Slenderyoshi 69,,
19199,1607,1,Amazon,,"['love', 'amazon', 'many', 'fake', 'review', 'lately', 'be', 'hard', 'determine', 'product', 'good', 'not', 'make', 'not', 'want', 'even', 'purchase', 'product']",2019-03-01,521521,"Love Amazon but there are so many fake reviews lately it's so hard to determine which products are good and which are not, makes me not want to even purchase from them",2,love amazon but there are so many fake review lately it is so hard to determine which product are good and which are not make me not want to even purchase from which product,A Google User,,
19200,1608,1,Amazon,,"['damn', 'application', 'not', 'let', 'log', 'account', 'have', 'go', 'mobile', 'site', 'purchase', 'anything', 'multi', 'billion_dollar', 'company', 'fix', 'damn', 'application', 'be', 'charge', 'damn', 'application', 'need', 'multi', 'billion_dollar', 'company', 'fire']",2019-03-01,521522,"Your damn app won't let me log into my account. I have to go to the mobile site to purchase anything. You're a multi billion dollar company, fix your goddamn app! Whoever is in charge of this app needs their ass fired.",1,your damn application will not let me log into my account i have to go to the mobile site to purchase anything you are a multi billion dollar company fix your damn application whoever is in charge of your damn application need a multi billion dollar company as fired,jm tigerfan,,
19204,1612,1,Amazon,,"['suck', 'force', 'phone', 'not', 'delete', 'phone', 'wish', 'list', 'would', 'include', 'ram', 'wish', 'list', 'wish', 'list', 'mom', 'be', 'butt']",2019-03-02,521528,sucks forced into my phone and I can't delete it I my Wishlist would include ramming it in their mom's butt,1,suck forced into my phone and i can not delete my phone i my wish-list would include ramming my wish-list in my wish-list mom is butt,Saxon Alexander,,
19206,1614,1,Amazon,,"['be', 'dose', 'not', 'work', 'time']",2019-03-02,521532,it's dose not working all of the time,1,it is dose not working all of the time,vincent lodestro,,
19210,1618,1,Amazon,,"['late', 'upgrade', 'delete', 'ability', 'forward', 'product', 'user', 'not', 'use', 'application', 'application', 'text', 'message', 'limit', 'customer', 'be', 'ability', 'buy', 'product', 'make', 'sense', 'go', 'have', 'delete', 'application', 'use', 'be', 'bad']",2019-03-02,521541,latest upgrade deleted the ability to forward a product to a user not using the app from inside the app. Like through text message. why limit a customer's ability to buy products makes no sense. I'm going to have to delete this app so I can use a web browser. That's too bad,1,latest upgrade deleted the ability to forward a product to a user not using the application from inside the application like through text message why limit a customer is ability to buy product make no sense i am going to have to delete the application so i can use a web browser that is too bad,A Google User,,
19243,1651,1,Amazon,,"['not', 'work', 'day', 'last', 'android', 'update', 'hope', 'be', 'glitch']",2019-03-01,521623,not working for a few days now since the last android update. i hope it's a glitch.,4,not working for a few day now since the last android update i hope it is a glitch,Claudia Guerrero,,
19252,1660,1,Amazon,,"['not', 'great', 'application', 'not', 'sure', 'be', 'incompatible', 'device', 'type', 'would', 'imagine', 'not', 'not', 'great', 'application', 'constantly', 'close', 'reopen', 'application', 'not', 'great', 'application', 'give', 'error', 'message', 'cause', 'instal', 'not', 'great', 'application', 'deinstall', 'not', 'great', 'application', 'be', 'be', 'way', 'have', 'find', 'actually', 'able', 'successfully', 'use', 'not', 'great', 'application', 'be', 'lie', 'malfunction', 'application']",2019-03-01,521653,"Not a very great app. Not sure if it's incompatible to my device type [but I'd imagine not]. The app constantly closes, and upon re-opening the app, it gives an error message causing me to uninstall it and reinstall it [or that's been the only way I've found to be actually able to successfully use it]. It's a very laggy and malfunctional app.",2,not a very great application not sure if it is incompatible to my device type but i would imagine not not a very great application constantly close and upon reopening the application not a very great application give an error message causing me to instal not a very great application and deinstall not a very great application or that is been the only way i have found to be actually able to successfully use it not a very great application is a very lay and malfunction application,Rhiannon Springsted,,
19257,1665,1,Amazon,,"['last', 'update', 'not', 'find', 'nothing', 'price_range', 'low', 'price', 'shirt', 'be', 'do', 'not', 'think']",2019-03-02,521670,the last update i can't find nothing in my price range lowest price of a t-shirt is like $10 what? i don't think so,2,the last update i can not find nothing in my price range lowest price of a shirt is like what i do not think so,A Google User,,
19258,1666,1,Amazon,,"['try', 'sign', 'ask', 'verify', 'choose', 'verify', 'email', 'open', 'mail', 'amazon', 'shopping', 'crash']",2019-03-02,521673,"When I tried to sign in, it asked me to verify, I chose to verify by email, but if i opened gmail, amazon shopping crashes",1,when i tried to sign in it asked me to verify i chose to verify by email but if i opened mail amazon shopping crash,A Google User,,
19264,1672,1,Amazon,,"['disappointed', 'amazon', 'send', 'stupid', 'message']",2019-03-03,521689,"I'am disapointed with amazoon bicause it'""s sendig a stuped mesage",1,am disappointed with amazon because its sending a stupid message,A Google User,,
19272,1680,1,Amazon,,"['application', 'not', 'open', 'have', 'instal', 'deinstall', 'application']",2019-03-01,521712,"app won't open, have to uninstall then reinstall app.",2,application will not open have to instal then deinstall application,KEITH PRINCE,,
19276,1684,1,Amazon,,"['application', 'be', 'slow', 'different', 'use', 'browser', 'version', 'also', 'take', 'ton', 'space']",2019-03-02,521719,the app is slow and no different from using the browser version. also takes up a ton of space,3,the application is slow and no different from using the browser version also take up a ton of space,Eli Ford,,
19286,1694,1,Amazon,,"['suck', 'take_forever', 'download']",2019-03-08,521742,"IT SUCK, IT TAKES FOREVER TO DOWNLOAD... ðŸ˜¡ðŸ˜¡ðŸ˜¡",1,it suck it take forever to download,jose colon,,
19290,1698,1,Amazon,,"['doe', 'nothing', 'run', 'circle', 'doe', 'not', 'answer', 'question']",2019-03-03,521746,does nothing. runs me in circles. doesn't answer any questions.,1,doe nothing run me in circle doe not answer any question,A Google User,,
19291,1699,1,Amazon,,"['time', 'try', 'log', 'account', 'need', 'reset', 'password', 'account', 'keep', 'say', 'password', 'be', 'incorrect', 'even_though', 'change', 'account']",2019-03-03,521747,every time I try to log into my account I need to reset my password because it keeps on saying my password is incorrect even though I just changed it,1,every time i try to log into my account i need to reset my password because my account keep on saying my password is incorrect even though i just changed my account,The equivalent of Jay,,
19296,1704,1,Amazon,,"['application', 'keep', 'crash', 'try', 'open', 'aps', 'subscription']",2019-03-02,521754,This app keeps crashing when I try to open apps and subscriptions.,3,this application keep crashing when i try to open aps and subscription,Fedup,,
19308,1716,1,Amazon,,"['get', 'application', 'code', 'goole', 'amino', 'disappear', 'soon', 'click', 'stand', 'take', 'application', 'store', 'find', 'mail', 'day', 'thank', 'want', 'use', 'send', 'payment', 'email', 'second', 'take', 'day', 'have', 'never', 'problem', 'payment_method', 'seldom', 'use', 'amazon', 'application', 'application', 'could', 'not', 'accept', 'payment', 'go', 'webster', 'application', 'worked_fine', 'complete', 'waste', 'time', 'imho']",2019-03-05,521778,"i got this app for the $10 code, only to google (b.c the ad/info for it disappears as soon as you click it& it takes you to the app store..) and find out it'll be emailed to me within 7-10 days.. thx, i wanted to use it now. they can send a payment email in 3 seconds, but that takes 7days..?? I've never had a problem w. my payment method before, and I seldomly use amazon but with the app it wouldnt accept payment, so i went onto the website and it worked fine. a complete waste of my time, imho.",1,i got this application for the code only to goole bc the amino for it disappears a soon a you click stand it take you to the application store and find out it will be mailed to me within day thanks i wanted to use it now they can send a payment email in second but that take day i have never had a problem w my payment method before and i seldom use amazon but with the application the application couldnt accept payment so i went onto the webster and the application worked fine a complete waste of my time imho,,,
19383,1791,1,Amazon,,"['uh_oh', 'something', 'end', 'go', 'wrong']",2019-03-03,521918,Uh-oh something on your end has gone wrong.,1,uh-oh something on your end has gone wrong,,,
19385,1793,1,Amazon,,"['even', 'explicitly', 'disabled', 'link', 'amazon', 'country', 'try', 'open', 'application', 'turn', 'ask', 'change', 'country', 'do', 'nothing', 'select', 'basically', 'not', 'check', 'amazon', 'be', 'order', 'phone']",2019-03-03,521921,"even when I explicitly disabled it, all links from other Amazon countries try to open this app which in turn will ask me to change my country and do nothing when I select No. So I basically cannot check other Amazon's orders on my phone",1,even when i explicitly disabled it all link from other amazon country try to open this application which in turn will ask me to change my country and do nothing when i select no so i basically can not check other amazon is order on my phone,,,
19387,1795,1,Amazon,,"['doe', 'nothing', 'run', 'circle', 'doe', 'not', 'answer', 'question']",2019-03-03,521923,does nothing. runs me in circles. doesn't answer any questions.,1,doe nothing run me in circle doe not answer any question,,,
19414,1822,1,Amazon,,"['not', 'able', 'use', 'amazon', 'pay', 'upi', 'facilityeven', 'update', 'application', 'application', 'show', 'version', 'be', 'not', 'date']",2019-03-02,521970,i am not able to use Amazon pay upi facility.Even after updating the app it shows that this version is not up to date.,1,i am not able to use amazon pay upi facilityeven after updating the application the application show that this version is not up to date,,,
19416,1824,1,Amazon,,"['not', 'interested', 'stop', 'advert']",2019-03-05,521973,NOT INTERESTED PLEASE STOP. ADVERTS.,1,not interested please stop advert,,,
19433,1841,1,Amazon,,"['husband', 'do', 'not', 'receive', 'itemshipe', 'together', 'husband', 'message', 'amazon', 'instead', 'help', 'refund', 'resent', 'check', 'delivery', 'end', 'cancel', 'husband', 'whole', 'account', 'not', 'helpful', 'rude', 'could', 'not', 'answer', 'single', 'question', 'horrible', 'customer_service']",2019-03-07,522003,"My husband didn't receive 2 items(shipped together) so he messaged amazon and instead of helping us (refund, resend or checking delivery on there end) they cancelled his whole account! Not helpful at all and very rude wouldnt answer a single question! horrible customer service!",1,my husband did not receive itemshiped together so my husband message amazon and instead of helping u refund resent or checking delivery on there end they cancelled my husband whole account not helpful at all and very rude couldnt answer a single question horrible customer service,,,
19455,1863,1,Amazon,,"['late', 'update', 'not', 'install', 'instal', 'second', 'try', 'be', 'good']",2019-03-08,522051,latest update will not install. installed second try. all is good.,5,latest update will not install installed second try all is good,,,
19472,1880,1,Amazon,,"['search', 'nothing', 'be', 'happen', 'look', 'stuff', 'category', 'soon', 'try', 'go', 'next', 'page', 'go', 'white_screen', 'become', 'prime_member', 'not', 'even', 'look', 'product', 'need']",2019-03-05,522091,During search nothing is happening. I can look at stuff under categories. As soon I try to go to the next page it goes to a white screen and nothing happens. I just became a prime member and I can't even look for products I need.,1,during search nothing is happening i can look at stuff under category a soon i try to go to the next page it go to a white screen and nothing happens i just became a prime member and i can not even look for product i need,,,
19476,1884,1,Amazon,,"['love', 'amazon', 'many', 'fake', 'review', 'lately', 'be', 'hard', 'determine', 'product', 'good', 'not', 'make', 'not', 'want', 'even', 'purchase', 'product']",2019-03-01,522098,"Love Amazon but there are so many fake reviews lately it's so hard to determine which products are good and which are not, makes me not want to even purchase from them",2,love amazon but there are so many fake review lately it is so hard to determine which product are good and which are not make me not want to even purchase from which product,,,
19493,1901,1,Amazon,,"['not', 'let', 'sign']",2019-03-04,522132,won't let me sign in,1,will not let me sign in,,,
19502,1910,1,Amazon,,"['time', 'say', 'check', 'stockroom', 'let', 'check', 'stockroom', 'nothing', 'actually', 'load', 'have', 'keep', 'close', 'reopen', 'application', 'have', 'uninstale', 'instal', 'frustrating', 'buy', 'lot']",2019-03-08,522148,"all the time it'll say ""checking the stockroom..."" or ""let me check the stockroom.."" and nothing actually loads so I have to keep closing and reopening the app. I have uninstalled and reinstalled. very frustrating since I buy a lot from them.",2,all the time it will say checking the stockroom or let me check the stockroom and nothing actually load so i have to keep closing and reopening the application i have uninstaled and installed very frustrating since i buy a lot from them,,,
19515,1923,1,Amazon,,"['new', 'update', 'make', 'buggy']",2019-03-03,522177,new update made it buggy,1,new update made it buggy,,,
19517,1925,1,Amazon,,"['be', 'possible', 'make', 'purchase', 'application', 'however', 'be', 'near', 'impossible', 'navigate', 'intense', 'lag', 'go', 'slow', 'be', 'buggy', 'often', 'time', 'have', 'close', 'application', 'open', 'application', 'get', 'button', 'work', 'highly', 'advise', 'order', 'desktop', 'webster', 'need', 'lot', 'work']",2019-03-02,522180,"Yes it is possible to make purchases on this app. However, it is near impossible to navigate because of the intense lag. It goes so slow, and is so buggy that often times you have to close the app and open it again to get the buttons to work. I highly advise you to just order off of the desktop website. Needs a LOT of work.",2,yes it is possible to make purchase on this application however it is near impossible to navigate because of the intense lag it go so slow and is so buggy that often time you have to close this application and open this application again to get the button to work i highly advise you to just order off of the desktop webster need a lot of work,,,
19522,1930,1,Amazon,,"['last', 'update', 'not', 'find', 'nothing', 'price_range', 'low', 'price', 'shirt', 'be', 'do', 'not', 'think']",2019-03-02,522186,the last update i can't find nothing in my price range lowest price of a t-shirt is like $10 what? i don't think so,2,the last update i can not find nothing in my price range lowest price of a shirt is like what i do not think so,,,
19527,1935,1,Amazon,,"['browse', 'history', 'keep', 'record', 'even', 'set', 'be', 'turn', 'goggle', 'switch', 'application', 'desktop', 'doe', 'nothing', 'setting', 'be', 'broken', 'ignore', 'amazon']",2019-03-07,522192,Browsing history keeps recording even when the setting is turned off. Toggling that switch through the app or through the desktop does nothing. The setting is either broken or ignored by amazon.....,1,browsing history keep recording even when the setting is turned off goggling that switch through the application or through the desktop doe nothing the setting is either broken or ignored by amazon,,,
19528,1936,1,Amazon,,"['slow', 'rewrite', 'application', 'natively', 'thank']",2019-03-07,522193,"Very slow, please re-write the app natively. Thanks.",1,very slow please rewrite the application natively thanks,,,
19553,1961,1,Amazon,,"['not', 'download', 'have', 'not', 'use', 'not', 'unload', 'update', 'not', 'work']",2019-03-07,522239,can't download it and I haven't used it yet and can't upload it or update it it just won't work for me???,1,can not download it and i have not used it yet and can not unload it or update it it just will not work for me,,,
19559,1967,1,Amazon,,"['disappointed', 'amazon', 'send', 'stupid', 'message']",2019-03-03,522254,"I'am disapointed with amazoon bicause it'""s sendig a stuped mesage",1,am disappointed with amazon because its sending a stupid message,,,
19573,1981,1,Amazon,,"['application', 'be', 'slow', 'not', 'load']",2019-03-06,522279,App is slow and wont load.,1,application is slow and will not load,,,
19574,1982,1,Amazon,,"['horrible', 'application', 'button', 'do', 'not', 'work', 'horrible', 'application', 'freeze', 'restart', 'constantly', 'move', 'snail']",2019-03-06,522280,"Horrible app. Buttons don't work, it freezes and restarts constantly . MOVES LIKE. A SNAIL.",1,horrible application button do not work horrible application freeze and restarts constantly move like a snail,Amanda Ortiz,,
19577,1985,1,Amazon,,"['constantly', 'crash', 'give', 'sad', 'dog', 'error', 'lgv']",2019-03-06,522285,Constantly crashing and giving the sad dog error on my LGV20,1,constantly crashing and giving the sad dog error on my lgv,,,
19579,1987,1,Amazon,,"['use', 'application', 'week', 'application', 'be', 'awful', 'find', 'have', 'flip', 'browser', 'version', 'half', 'time', 'get', 'browser', 'version', 'horrible', 'ability', 'search', 'browser', 'version', 'search', 'be', 'weight', 'verge', 'outright', 'lie', 'not', 'find', 'product', 'hiding', 'product', 'deep', 'list', 'criterion', 'webster', 'give', 'different', 'picture', 'still', 'use', 'application', 'convenient', 'thing', 'never', 'research']",2019-03-06,522287,"I use this app once a week and it's awful. I find I have to flip to the browser version half the time just to get around its horrible ability to search. Its search is so weighted and verging to outright lying to you. from not finding products, to hiding them deep in a list. the same criteria on the website will give you a very diffrent picture. I still use this app for a few convenient things, but never for research.",2,i use this application once a week and this application is awful i find i have to flip to the browser version half the time just to get around the browser version horrible ability to search the browser version search is so weighted and verging to outright lying to you from not finding product to hiding product deep in a list the same criterion on the webster will give you a very different picture i still use this application for a few convenient thing but never for research,,,
19601,2009,1,Amazon,,"['disappointed', 'amazon', 'censoring', 'film']",2019-03-01,522338,I'm so disappointed with Amazon censoring films.,1,i am so disappointed with amazon censoring film,,,
19602,2010,1,Amazon,,"['suddenly', 'not', 'view', 'image', 'full', 'screen', 'otherwise', 'be', 'great', 'application']",2019-03-01,522339,Suddenly I can't view images at full screen. Otherwise this is a great app.,4,suddenly i can not view image at full screen otherwise this is a great application,,,
19685,2093,1,Amazon,,"['late', 'upgrade', 'delete', 'ability', 'forward', 'product', 'user', 'not', 'use', 'application', 'application', 'text', 'message', 'limit', 'customer', 'be', 'ability', 'buy', 'product', 'make', 'sense', 'go', 'have', 'delete', 'application', 'use', 'be', 'bad']",2019-03-02,522499,latest upgrade deleted the ability to forward a product to a user not using the app from inside the app. Like through text message. why limit a customer's ability to buy products makes no sense. I'm going to have to delete this app so I can use a web browser. That's too bad,1,latest upgrade deleted the ability to forward a product to a user not using the application from inside the application like through text message why limit a customer is ability to buy product make no sense i am going to have to delete the application so i can use a web browser that is too bad,,,
19693,2101,1,Amazon,,"['be', 'hard', 'do', 'anything', 'application', 'moment', 'soon', 'open', 'application', 'application', 'show', 'pic', 'dog', 'say', 'application', 'be', 'have', 'problem', 'offer', 'try', 'opinion', 'reopen', 'application', 'application', 'show', 'dog', 'pic']",2019-03-03,522517,It's hard to do anything any on this app at the moment. As soon as I open it it shows me a pic of a dog & says it's having a problem & offers a try again opinion that reopens the app where it shows you another dog pic,1,it is hard to do anything any on this application at the moment a soon a i open this application this application show me a pic of a dog and say this application is having a problem and offer a try again opinion that reopens the application where this application show you another dog pic,,,
19697,2105,1,Amazon,,"['try', 'sign', 'ask', 'verify', 'choose', 'verify', 'email', 'open', 'mail', 'amazon', 'shopping', 'crash']",2019-03-02,522521,"When I tried to sign in, it asked me to verify, I chose to verify by email, but if i opened gmail, amazon shopping crashes",1,when i tried to sign in it asked me to verify i chose to verify by email but if i opened mail amazon shopping crash,,,
19739,2147,1,Amazon,,"['application', 'recently', 'have', 'be', 'get', 'random', 'switching', 'part', 'screen', 'keep', 'flash', 'black', 'doe', 'application']",2019-03-02,522615,i like the app. But recently have been getting random glitching where part of my screen keep flashing black. only does this in the app.,3,i like the application but recently have been getting random switching where part of my screen keep flashing black only doe this in the application,Ashley Hernandez,,
19741,2149,1,Amazon,,"['horrible', 'application', 'button', 'do', 'not', 'work', 'horrible', 'application', 'freeze', 'restart', 'constantly', 'move', 'snail']",2019-03-06,522618,"Horrible app. Buttons don't work, it freezes and restarts constantly . MOVES LIKE. A SNAIL.",1,horrible application button do not work horrible application freeze and restarts constantly move like a snail,Christian Ortiz,,
19759,2167,1,Amazon,,"['application', 'be', 'slow', 'application', 'shutter', 'lot', 'application', 'be', 'get', 'overrun', 'ad', 'sponsor', 'item', 'even_though', 'product', 'match', 'search', 'criterion', 'exactly', 'show', 'irrelevant', 'item', 'see', 'have', 'search', 'have', 'search', 'need', 'make', 'easy', 'clear', 'search', 'history', 'go', 'set', 'different', 'screen', 'delete', 'time']",2019-03-06,522645,"The app is very slow. The app stutters a lot. The app is getting overrun by ads and ""sponsored"" items. Even though a product matches my search criteria exactly, you will be shown irrelevant items before you see what you've searched for. They need to make it easier to clear all searched history - without going through settings and different screens, or deleting one at a time.",2,the application is very slow the application shutter a lot the application is getting overrun by ad and sponsored item even though a product match my search criterion exactly you will be shown irrelevant item before you see what you have searched for what you have searched need to make it easier to clear all searched history without going through setting and different screen or deleting one at a time,Mitchell Brown,,
19761,2169,1,Amazon,,"['crash', 'application', 'not', 'open', 'split', 'second']",2019-03-04,522648,crashing.... app won't open for more than split second,1,crashing application will not open for more than split second,anya romanovna pannullo,,
19767,2175,1,Amazon,,"['have', 'be', 'having_trouble', 'application', 'age', 'open', 'application', 'search', 'pull', 'item', 'click', 'item', 'get', 'white_screen', 'info', 'way', 'buy', 'nothing', 'go', 'back', 'try', 'get', 'result', 'constantly', 'have', 'instal', 'deinstall', 'application', 'age', 'not', 'even', 'get', 'anyone', 'amazon', 'help', 'figure', 'keep', 'happen', 'have', 'send', 'countless', 'feedback', 'mail', 'beg', 'help', 'nothing', 'someone', 'need', 'fix', 'application', 'age']",2019-03-01,522663,ive been having trouble with the app for ages. i can open the app search and pull up items but when i click on the item i get a white screen with no info no way to buy nothing go back to try agsin i get the same results. i am constantly having to uninstall and reinstall the app i cant even get anyone from amazon to help figure why this keeps happening I've sent countless feedback emails begging for help and nothing! someone needs to fix the app,3,i have been having trouble with the application for age i can open the application search and pull up item but when i click on the item i get a white screen with no info no way to buy nothing go back to try again i get the same result i am constantly having to instal and deinstall the application for age i can not even get anyone from amazon to help figure why this keep happening i have sent countless feedback mail begging for help and nothing someone need to fix the application for age,Teresa Todd,,
19768,2176,1,Amazon,,"['have', 'major', 'bug', 'application', 'work', 'last', 'night', 'not', 'even', 'open', 'note']",2019-03-05,522664,"You have a major bug. App was working last night, now this am won't even open. :( Note 8.",1,you have a major bug application was working last night now this am will not even open note,Amanda,,
19770,2178,1,Amazon,,"['galaxy', 'application', 'look', 'odd', 'need', 'magnify', 'glass', 'read', 'text', 'screen', 'release', 'update']",2019-03-08,522666,On Galaxy S10 the app looks odd. you need magnifying glass to read most of the text on the screen. Please release an update.,3,on galaxy s the application look odd you need magnifying glass to read most of the text on the screen please release an update,,,
19772,2180,1,Amazon,,"['extra', 'slow', 'application', 'not', 'press', 'add', 'wish', 'list', 'also', 'scroll', 'not', 'work', 'good', 'get', 'stuck', 'phone', 'internal_storage', 'phone', 'handle', 'application', 'fix', 'thank', 'stop', 'charge', 'much', 'tax', 'det', 'tax', 'shake', 'head']",2019-03-08,522669,Extra slow app I can't press add to wish list also when scrolling it won't work good it gets stuck and my phone has 3Gb of ram with 32Gb of internal storage my phone can handle any app fix this thanks and stop charging too much taxes I detest all the taxes smh,1,extra slow application i can not press add to wish list also when scrolling it will not work good it get stuck and my phone has gb of ram with gb of internal storage my phone can handle any application fix this thanks and stop charging too much tax i detest all the tax shaking my head,Raul,,
19779,2187,1,Amazon,,"['treasure', 'truck', 'keep', 'crash', 'sigh']",2019-03-01,522681,Treasure truck keeps crashing sigh,2,treasure truck keep crashing sigh,Kirk Davis,,
19780,2188,1,Amazon,,"['be', 'interesting', 'find', 'update', 'correctly', 'open', 'still', 'thing', 'month_ago', 'list', 'say', 'update', 'daily', 'right', 'topic', 'problem', 'vendor', 'application', 'have', 'try', 'update', 'application', 'itselfnothe', 'change']",2019-03-02,522682,"Is the intresting finds being updated correctly? When I open it, it still has things from over a month ago listed, and it says ""updated daily"" right at the top.Is there a problem on my end,or with the app? (I've tried updating the app itself,nothing changes)",4,is the interesting find being updated correctly when i open it it still has thing from over a month ago listed and it say updated daily right at the topic there a problem on my vendor with the application i have tried updating the application itselfnothing change,Juliana Stockton,,
